<room>
    <xcoord>1</xcoord>
    <ycoord>-1</ycoord>
    <description>Welcome to ZORK-CE - [College Edition].
In Bed (1, -1)
This is a dorm room, with the shades down and the sun rising outside. 
Your alarm clock is going off.
The time on the clock says 7:15AM and your phone rests by your bed.</description>
    <objectsOnFloor>
        <object>phone</object>
        <objectDesc>You look at your phone. Two new text messages and three new snaps. But class begins in 45 minutes.</objectDesc>
    </objectsOnFloor>
</room>

<room>
    <xcoord>1</xcoord>
    <ycoord>0</ycoord>
    <description>Bedroom (1,0)
You get out of bed. Slowly...
To east is your dresser, with your hair brush and alarm clock on top. Your clothes are in the drawers and your backpack is on the ground nearby. To the west is the door.</description>
</room>

<room>
    <xcoord>0</xcoord>
    <ycoord>0</ycoord>
    <description>Bedroom (0,0)</description>
</room>

<room>
    <xcoord>2</xcoord>
    <ycoord>0</ycoord>
    <description>Dresser (2,0)
You drag yourself over to your dresser and notice that your hair is a total mess, as usual. The hair brush sits on the desk. Your alarm clock is still buzzing, and the sun shining in between the cracks of your shades is burning your retinas. Your backpack, at least, is sitting closed on the floor and is ready to be taken to class.</description>
    <objectsOnFloor>
        <object>hair_brush:ACT</object>
        <objectDesc>You fix the mess of your hair. Confidence +1.</objectDesc>
        <object>clock:ACT</object>
        <objectDesc>You shut off the buzzer on your alarm clock. Hopefully it hasnt woken up the rest of your roommates.</objectDesc>
        <object>dresser:ACT</object>
        <objectDesc>You pull your clothes out of the dresser and begrudgingly put them on. At one point, you almost lose your balance and fall over from being so tired.</objectDesc>
        <object>backpack</object>
        <objectDesc>You have your backpack.</objectDesc>
    </objectsOnFloor>
</room>

<room>
    <xcoord>-1</xcoord>
    <ycoord>0</ycoord>
    <description>Living Room (-1,0)
You are in your dorm's living room. There is a mess on the floor from the party last night and a giant wooden cart sits in front of the couch, attached to it a flag emblazened with the school's logo. Your roommate is at the counter playing an online video game and doesnt seem to notice you. To the north is the kitchen and to the south is the door of your dorm.</description>
</room>

<room>
    <xcoord>-1</xcoord>
    <ycoord>-1</ycoord>
    <description>Kitchen (-1,-1)
You are in the kitchen. The counter is covered in empty cups and you can feel the morning air through the open window. It is warm today, so you wont need your coat. 
You stand in the kitchen and realize that there is no food here for you, only a faucet.</description>
    <objectsOnFloor>
        <object>faucet:ACT</object>
        <objectDesc>You drink some water.</objectDesc>
    </objectsOnFloor>
</room>

<room>
    <xcoord>-2</xcoord>
    <ycoord>0</ycoord>
    <description>Forbidden area (-2,0)
You should not be in here. This area of the dorm room is dark, and in front of you lies a locked door. You should eave before there is a conflict.</description>
</room>

<room>
    <xcoord>-1</xcoord>
    <ycoord>1</ycoord>
    <description>Hallway (-1,1)
You are in your hallway. Someone's alarm clock is still going off in their room, but otherwise the rest of the hallway is quiet.</description>
</room>

<room>
    <xcoord>-1</xcoord>
    <ycoord>2</ycoord>
    <description>Hallway (-1,2)
Going west here will take you down the elevator into the outside world. Or, you can go to the east and take the back stairs, however, that is not the way to class.</description>
</room>

<room>
    <xcoord>0</xcoord>
    <ycoord>2</ycoord>
    <description>Back stairs (0,2)
You have decided to take the back stairs. What awaits you beyond this point is unknown.</description>
</room>

<room>
    <xcoord>1</xcoord>
    <ycoord>2</ycoord>
    <description>Street (1,2)
You have made it to the street. Cars zoom by on their way to work, most of them going well above the speed limit with horns blaring occasionally. A beggar sits on the corner, recieving little attention in this hectic environment. You see a quarter on the ground.</description>
    <objectsOnFloor>
        <object>Quarter</object>
        <objectDesc>You pick up the quarter and pocket it.</objectDesc>
    </objectsOnFloor>
</room>

<room>
    <xcoord>2</xcoord>
    <ycoord>2</ycoord>
    <description>Store (2,2)
You enter into the general store, with little activity occuring at this time of the day. You contemplate whether you want to buy soda or candy before you must make your way back to class.</description>
    <objectsOnFloor>
        <object>Soda</object>
        <objectDesc>You pick up the soda and put it in your backpack.</objectDesc>
        <object>Candy</object>
        <objectDesc>You pick up the candy and put it in your backpack.</objectDesc>
    </objectsOnFloor>
</room>

<room>
    <xcoord>-2</xcoord>
    <ycoord>2</ycoord>
    <description>Outside (-2,2)
You have made it outside your dorm. The air is clean, but slightly tainted with the smell of wood from the nearby construction. A few other students are making their way to class. The current weather is partly cloudy, 61F, winds from the SW at 5 mph. Overall, a mild day. You enjoy the outside world while you still can. </description>
</room>

<room>
    <xcoord>-2</xcoord>
    <ycoord>3</ycoord>
    <description>Main street (-2,3)
You have reached main street, the center of campus. A decent number of students are making their way to class as the day is about ready to begin. Most of the people you pass by are staring at their phone screens, uninterested in eye contact. The hands of the clock on the top of the tower indicate that it is 7:45AM - still plenty of time for breakfast. To the north is the food court where your breakfast awaits, and to the west is your first class.</description>
</room>

<room>
    <xcoord>-2</xcoord>
    <ycoord>4</ycoord>
    <description>Food court (-2,4)
You have entered the food court, with breakfast laid out for your choosing. Across the counter you find eggs, potatoes, bacon, sausage, biscuits, and pancakes. As it is still early in the morning, few tables are occupied and the cooks are flipping as many pancakes as possible before the late-morning breakfast rush.</description>
    <objectsOnFloor>
        <object>Eggs:FOOD</object>
        <objectDesc>You pick up the eggs.</objectDesc>
        <object>Potatoes:FOOD</object>
        <objectDesc>You pick up the potatoes.</objectDesc>
        <object>Bacon:FOOD</object>
        <objectDesc>You pick up the bacon.</objectDesc>
        <object>Sausage:FOOD</object>
        <objectDesc>You pick up the sausage.</objectDesc>
        <object>Biscuits:FOOD</object>
        <objectDesc>You pick up the biscuits.</objectDesc>
        <object>Pancakes:FOOD</object>
        <objectDesc>You pick up the pancakes.</objectDesc>
    </objectsOnFloor>
</room>

<room>
    <xcoord>-3</xcoord>
    <ycoord>3</ycoord>
    <description>Classroom (-3,3)
This is the first class of the day, Calculus. The time is 8:02AM and you are slightly late. The professor is currently covering integrals.</description>
</room>

<room>
    <xcoord>-4</xcoord>
    <ycoord>3</ycoord>
    <description>End Game (-4,3)
Congratulations! You have reached the end of Zork-CE v1.0. To expand or remake this game, simply edit the rooms.xml file (it is suggested to draw out a map of the world you want to make, or simply use the coordinates already provided in this version.)</description>
    <endroom>1</endroom>
    <endtext></endtext>
</room>
